{"cameraMode":{"drawMode":0,"name":"Shaded","section":"Shading Mode"},"sceneLighting":true,"audioPlay":false,"sceneViewState":{"m_AlwaysRefresh":false,"showFog":true,"showSkybox":true,"showFlares":true,"showImageEffects":true,"showParticleSystems":true,"showVisualEffectGraphs":true,"m_FxEnabled":true},"in2DMode":false,"pivot":{"x":-2.8838305473327638,"y":0.9757058620452881,"z":2.732360601425171},"rotation":{"x":-0.10660715401172638,"y":0.003892631037160754,"z":-0.0004112682945560664,"w":-0.9943038821220398},"size":5.266332626342773,"orthographic":false}